title,company,dday,views,badges,img_url
멘탈케어 애플리케이션 네이밍 공모전,이음컴퍼니,D-14,751,['브랜드/네이밍'],https://cf-tabs-image.campuspick.com/activity/1766497778668584_thumb.jpg
2026 국가유산 재난안전 공모전,국가유산청,D-1,"3,030","['브랜드/네이밍', '사진/영상/UCC']",https://cf-tabs-image.campuspick.com/activity/1765950993491427_thumb.jpg
Meyou 생리대 슬로건 콘테스트,(주)에이치아이글로넷,D-13,"2,772",['브랜드/네이밍'],https://cf-tabs-image.campuspick.com/activity/1765426305387660_thumb.jpg
양재역 GTX-C 환승코어 네이밍 & 아이디어 공모전,서초구,마감,"2,932","['기획/아이디어', '브랜드/네이밍']",https://cf-tabs-image.campuspick.com/activity/1764752364563959_thumb.jpg
'생활폐기물 분리배출 누리집'의 새로운 이름을 지어주세요!,기후에너지환경부,마감,"3,170",['브랜드/네이밍'],https://cf-tabs-image.campuspick.com/activity/1764295436487888_thumb.jpg
2026 경제성장전략 대국민 공모전,기획재정부,마감,"1,876","['기획/아이디어', '브랜드/네이밍']",https://cf-tabs-image.campuspick.com/activity/1764305762496848_thumb.jpg
[LG전자] LG전자 멤버십 앱 스플래시 콘텐츠 공모전(~12/17),LG전자,마감,"2,337","['기획/아이디어', '브랜드/네이밍', '사진/영상/UCC', '디자인']",https://cf-tabs-image.campuspick.com/activity/176394619478412_thumb.jpg
[부산관광공사] 2025 부산 관광·마이스 창업 트래블톤 참가자 모집,부산관광공사,마감,"1,513","['기획/아이디어', '브랜드/네이밍', '광고/마케팅', '사진/영상/UCC', 'IT/소프트웨어/게임', '기타', '디자인']",https://cf-tabs-image.campuspick.com/activity/1762502008641692_thumb.jpg
롯데쇼핑e커머스 뷰티 앱 트위즈(twiz) 카피라이팅 공모전,롯데쇼핑e커머스,마감,"3,501","['기획/아이디어', '브랜드/네이밍', '광고/마케팅']",https://cf-tabs-image.campuspick.com/activity/1762418828460614_thumb.jpg
2025년 한국보건의료정보원 친환경·탄소중립 대국민 아이디어 공모전,한국보건의료정보원,마감,"3,766","['브랜드/네이밍', '기획/아이디어']",https://cf-tabs-image.campuspick.com/activity/1761802936960768_thumb.jpg
한국교통연구원 개원 40주년 기념 엠블럼 및 슬로건 공모전 공고,한국교통연구원,마감,"4,414","['브랜드/네이밍', '디자인', '기획/아이디어', '광고/마케팅']",https://cf-tabs-image.campuspick.com/activity/1761552781552654_thumb.jpg
2026 에몬스 장학생 [18기] 모집,에몬스가구,마감,"7,138","['기획/아이디어', '브랜드/네이밍', '광고/마케팅', '사진/영상/UCC', '디자인', '예체능', '문학/수기/시나리오', 'IT/소프트웨어/게임']",https://cf-tabs-image.campuspick.com/activity/1761028066393147_thumb.jpg
가톨릭신문 로고 & 제호 디자인 공모전,가톨릭신문,마감,"2,283","['기획/아이디어', '브랜드/네이밍', '광고/마케팅', '디자인', '기타']",https://cf-tabs-image.campuspick.com/activity/1760433466889988_thumb.jpg
「숏폼 드라마 제목 공모전」,GTEC,마감,"2,414","['기획/아이디어', '브랜드/네이밍', '광고/마케팅']",https://cf-tabs-image.campuspick.com/activity/1760059352024642_thumb.jpg
2025 대한민국 과일산업대전 슬로건 공모전,농림축산식품부,마감,"2,093","['기획/아이디어', '브랜드/네이밍']",https://cf-tabs-image.campuspick.com/activity/1758600646155693_thumb.jpg
서울시교육청 신청사 건물 명칭 공모,서울특별시교육청,마감,"2,192",['브랜드/네이밍'],https://cf-tabs-image.campuspick.com/activity/1758013292862560_thumb.jpg
캐스퍼 굿즈 디자인 공모전,현대자동차 캐스퍼,마감,"7,329","['기획/아이디어', '브랜드/네이밍', '광고/마케팅', '디자인', '기타']",https://cf-tabs-image.campuspick.com/activity/1756962866704576_thumb.jpg
유니스터디 AI 프롬프트 템플릿 공모전,유니스터디,마감,"2,576","['기획/아이디어', '브랜드/네이밍', '디자인', '기타']",https://cf-tabs-image.campuspick.com/activity/175685772663499_thumb.jpg
애니메이션박물관과 토이로봇관의 미래 비전을 위한 창의적 아이디어 공모,애니메이션박물관,마감,"1,953","['기획/아이디어', '브랜드/네이밍']",https://cf-tabs-image.campuspick.com/activity/1756454664075227_thumb.jpg
제1회 글로벌도시관광서밋 콘텐츠 공모전,제1회 글로벌도시관광서밋 사무국,마감,"3,438","['기획/아이디어', '브랜드/네이밍', '광고/마케팅', '사진/영상/UCC']",https://cf-tabs-image.campuspick.com/activity/1756356424701801_thumb.jpg
[문화체육관광부] 2025 한글 한마당 '한글 봉투 공모전',문화체육관광부,마감,"3,058","['기획/아이디어', '브랜드/네이밍', '광고/마케팅', '디자인']",https://cf-tabs-image.campuspick.com/activity/1755497444690146_thumb.jpg
전주비전대학교 캐릭터 네이밍 공모전,전주비전대학교,마감,"3,129",['브랜드/네이밍'],https://cf-tabs-image.campuspick.com/activity/1755045496688136_thumb.jpg
익산 대표음식 명칭 공모전,익산시,마감,"3,059",['브랜드/네이밍'],https://cf-tabs-image.campuspick.com/activity/1755045194266663_thumb.jpg
BBQ 집단치성 콘테스트,BBQ,마감,"3,668","['기획/아이디어', '브랜드/네이밍']",https://cf-tabs-image.campuspick.com/activity/175499994982282_thumb.jpg
2025 손상예방 인식제고 캐릭터 공모전,질병관리청,마감,"1,524","['기획/아이디어', '브랜드/네이밍', '광고/마케팅', '디자인']",https://cf-tabs-image.campuspick.com/activity/1754964675208212_thumb.jpg
[모집] 2025 제7회 청년 스타트업 어워즈,청년과미래,마감,"4,799","['기획/아이디어', '브랜드/네이밍', 'IT/소프트웨어/게임', '기타']",https://cf-tabs-image.campuspick.com/activity/1754789518828426_thumb.jpg
제8회 디테크(D-TECH) 공모전,법무법인 디엘지 등,마감,"6,047","['기획/아이디어', '브랜드/네이밍', '디자인', 'IT/소프트웨어/게임', '기타']",https://cf-tabs-image.campuspick.com/activity/1755146439981444_thumb.jpg
AI로 만드는 ’CRE-AI-TIVE 숏폼 챌린지‘,한국경영인증원(KMR),마감,"4,071","['기획/아이디어', '브랜드/네이밍', '광고/마케팅', '사진/영상/UCC', '디자인', '예체능', 'IT/소프트웨어/게임', '기타']",https://cf-tabs-image.campuspick.com/activity/1754466135687327_thumb.jpg
2025 무신사 넥스트 패션 스콜라십(MNFS) 6기 모집 공고,무신사,마감,"5,629","['기획/아이디어', '브랜드/네이밍', '디자인', '예체능']",https://cf-tabs-image.campuspick.com/activity/1754294217595279_thumb.jpg
비긴스 바이 정샘물 콘텐츠 크리에이티브 공모전,정샘물뷰티,마감,"4,027","['기획/아이디어', '브랜드/네이밍', '광고/마케팅', '사진/영상/UCC', '디자인']",https://cf-tabs-image.campuspick.com/activity/1753864470793380_thumb.jpg
[문화체육관광부] 제2기 로컬100 후보군 국민추천 공모,지역문화진흥원,마감,"3,066","['기획/아이디어', '브랜드/네이밍', '광고/마케팅']",https://cf-tabs-image.campuspick.com/activity/1753417535782894_thumb.jpg
"2025바른말쉬운말고운말 만화,표어 공모전",문화체육관광부,마감,"5,493","['브랜드/네이밍', '디자인', '문학/수기/시나리오']",https://cf-tabs-image.campuspick.com/activity/1752819177439342_thumb.jpg
「제로웨이스트 라이프 브랜딩 공모전」 개최 안내,Dream Tale,마감,"3,299","['기획/아이디어', '브랜드/네이밍']",https://cf-tabs-image.campuspick.com/activity/1752584146143977_thumb.jpg
『(가칭)남원 인재학당』 네이밍 공모전,남원시,마감,380,"['기획/아이디어', '브랜드/네이밍']",https://cf-tabs-image.campuspick.com/activity/1752472330748105_thumb.jpg
2025 티케이엘리베이터 대학생 브랜드 마케팅 공모전,티케이엘리베이터코리아,마감,"5,052","['기획/아이디어', '브랜드/네이밍', '광고/마케팅', '디자인']",https://cf-tabs-image.campuspick.com/activity/1751592105679592_thumb.jpg
"[삼성화재 카르르 챌린지] 참여만 해도 1만원! 1등하면 1,000만원!",삼성화재,마감,"1,634","['기획/아이디어', '브랜드/네이밍', '광고/마케팅', '사진/영상/UCC', '예체능', '기타']",https://cf-tabs-image.campuspick.com/activity/1750910677716688_thumb.jpg
방학 중 전국 스토리(웹소설) 최강자전! 슈퍼루키 해커톤 참여자 모집,진천K스토리창작클러스터,마감,"1,207","['기획/아이디어', '브랜드/네이밍', '예체능', '문학/수기/시나리오']",https://cf-tabs-image.campuspick.com/activity/1750742591209145_thumb.jpg
[아모레퍼시픽] 제2회 A-ditor 숏폼 공모전,아모레퍼시픽,마감,"1,665","['기획/아이디어', '브랜드/네이밍', '광고/마케팅', '사진/영상/UCC']",https://cf-tabs-image.campuspick.com/activity/1750054473906216_thumb.jpg
「조치원 활성화 프로젝트」2025 로컬콘텐츠 브랜딩 공모전 개최 💡,(재)세종창조경제혁신센터,마감,"3,519","['기획/아이디어', '브랜드/네이밍', '디자인']",https://cf-tabs-image.campuspick.com/activity/1750033586502103_thumb.jpg
"🫟창작 수필 공모전 - ""SNS 속 나는 누구인가?""💬🫟",페르소나랩,마감,"5,026","['기획/아이디어', '브랜드/네이밍', '광고/마케팅', '문학/수기/시나리오']",https://cf-tabs-image.campuspick.com/activity/1749136582087983_thumb.jpg
2025년 제2회 강남 자유평화 미술대전,민주평화통일자문회의 서울강남구협의회,마감,678,"['기획/아이디어', '브랜드/네이밍', '광고/마케팅', '디자인', '예체능', '기타']",https://cf-tabs-image.campuspick.com/activity/1749089247320478_thumb.jpg
[광주경찰청] 2025 피싱범죄 예방 콘텐츠 공모전,광주경찰청,마감,"2,166","['브랜드/네이밍', '광고/마케팅', '사진/영상/UCC', '디자인', '예체능']",https://cf-tabs-image.campuspick.com/activity/1748492065436598_thumb.jpg
제7회 오티콘챌린지 공모전,"오티콘, 다이어텍",마감,"2,242","['기획/아이디어', '브랜드/네이밍', '광고/마케팅', 'IT/소프트웨어/게임', '기타']",https://cf-tabs-image.campuspick.com/activity/1747875544692807_thumb.jpg
[한국발명진흥회] 2025년 IP 아카데미 카드뉴스 공모전,특허청,마감,"2,373","['기획/아이디어', '브랜드/네이밍', '광고/마케팅', '디자인']",https://cf-tabs-image.campuspick.com/activity/1748420453574498_thumb.jpg
[인천광역시 동구] 만석화수 해안산책로 네이밍 공모전,인천광역시 동구청,마감,"1,497",['브랜드/네이밍'],https://cf-tabs-image.campuspick.com/activity/1747383559424241_thumb.jpg
"[브랜드유 슬로건 공모전] 나를 담는 브랜드, 당신의 언어로 말해주세요",BRANDU,마감,"1,943",['브랜드/네이밍'],https://cf-tabs-image.campuspick.com/activity/1747301977505308_thumb.jpg
총상금 1억 2천만원 ! 2025 농식품 창업콘테스트 참가자 모집중 !,농림축산식품부,마감,"1,875","['기획/아이디어', '브랜드/네이밍', '광고/마케팅', '사진/영상/UCC', '디자인', '예체능', '문학/수기/시나리오', 'IT/소프트웨어/게임', '기타']",https://cf-tabs-image.campuspick.com/activity/1747104542451604_thumb.jpg
[기상청] 제6회 기상청 달콤기후 공모전 모집(~6/13),기상청,마감,"2,905","['기획/아이디어', '브랜드/네이밍', '디자인', '문학/수기/시나리오']",https://cf-tabs-image.campuspick.com/activity/1747015898318134_thumb.jpg
2025 D2B[Design-to-Business]디자인페어(~7/1),"특허청, 한국무역협회",마감,"1,831","['기획/아이디어', '브랜드/네이밍', '광고/마케팅', '사진/영상/UCC', '디자인']",https://cf-tabs-image.campuspick.com/activity/1750764991920329_thumb.jpg
<조금 특별한 조달 공모전> : 2025 조달청 홍보 아이디어 공모전,조달청,마감,"1,336","['브랜드/네이밍', '사진/영상/UCC', '디자인']",https://cf-tabs-image.campuspick.com/activity/1746673328765851_thumb.jpg
소고기 프랜차이즈 네이밍 아이디어 공모전,주식회사 에스타,마감,"1,894",['브랜드/네이밍'],https://cf-tabs-image.campuspick.com/activity/1745992146892760_thumb.jpg
2025년 서울특별시 수해 예방 콘텐츠 공모전,서울특별시 치수안전과,마감,567,"['브랜드/네이밍', '사진/영상/UCC']",https://cf-tabs-image.campuspick.com/activity/174593300530722_thumb.jpg
"국민건강보험공단 간호·간병통합서비스 BI(로고, 슬로건) 공모전",국민건강보험공단,마감,"2,272","['브랜드/네이밍', '광고/마케팅', '디자인']",https://cf-tabs-image.campuspick.com/activity/1745201805456873_thumb.jpg
[아로새김] 대학생 창작 에세이 공모전,아로새김,마감,"6,507","['기획/아이디어', '브랜드/네이밍', '광고/마케팅', '문학/수기/시나리오']",https://cf-tabs-image.campuspick.com/activity/1745069226682597_thumb.jpg
2025년 국립서울현충원 멋글씨ㆍ표어 공모전,국립서울현충원,마감,"3,191","['기획/아이디어', '브랜드/네이밍', '디자인', '문학/수기/시나리오']",https://cf-tabs-image.campuspick.com/activity/174476227049387_thumb.jpg
가족상담전화 1577-4206 슬로건 공모전,한국건강가정진흥원,마감,"2,706",['브랜드/네이밍'],https://cf-tabs-image.campuspick.com/activity/1744278937522849_thumb.jpg
제1회 계단문학상 공모전,부산광역시 동구청,마감,"4,159","['브랜드/네이밍', '문학/수기/시나리오']",https://cf-tabs-image.campuspick.com/activity/174296285337354_thumb.jpg
원주시 계절별 브랜드 공모전,원주시,마감,"1,170","['기획/아이디어', '브랜드/네이밍']",https://cf-tabs-image.campuspick.com/activity/1742867772574441_thumb.jpg
제30회 바다의 날 주제어 공모,해양수산부,마감,"3,391","['기획/아이디어', '브랜드/네이밍', '광고/마케팅']",https://cf-tabs-image.campuspick.com/activity/1742869996147813_thumb.jpg
스포애니송 챌린지 공모전,스포애니,마감,"2,141","['기획/아이디어', '브랜드/네이밍', '광고/마케팅', '사진/영상/UCC', '기타']",https://cf-tabs-image.campuspick.com/activity/1742523078934305_thumb.jpg
[KT&G 상상마당] 친환경 화장품 창업 공모전,KT&G 상상마당,마감,"3,918","['기획/아이디어', '브랜드/네이밍', '광고/마케팅', '디자인', '예체능', '기타']",https://cf-tabs-image.campuspick.com/activity/1742459364631765_thumb.jpg
2025년 좋은이웃들 BI 공모전,한국사회복지협의회,마감,"3,659","['브랜드/네이밍', '디자인']",https://cf-tabs-image.campuspick.com/activity/1741598740255960_thumb.jpg
한국연구재단 건물명 공모전,한국연구재단,마감,"7,396","['기획/아이디어', '브랜드/네이밍']",https://cf-tabs-image.campuspick.com/activity/1740370666635532_thumb.jpg
제95회 춘향제 홍보 콘텐츠 & 아이디어 공모전,전라북도 남원시,마감,"4,144","['기획/아이디어', '브랜드/네이밍', '광고/마케팅', '사진/영상/UCC', '디자인']",https://cf-tabs-image.campuspick.com/activity/173890888176148_thumb.jpg
2025 탄소중립 실천 캘리그림 공모전,환경부,마감,"4,629","['기획/아이디어', '브랜드/네이밍']",https://cf-tabs-image.campuspick.com/activity/1737425681591189_thumb.jpg
정백선순대 로고&캐릭터 공모전,블루트렌드,마감,"3,106",['브랜드/네이밍'],https://cf-tabs-image.campuspick.com/activity/1737001260422735_thumb.jpg
DN프릭스 굿즈 개발 아이디어 공모전,DN솔루션즈,마감,"5,578","['기획/아이디어', '브랜드/네이밍', '광고/마케팅', '디자인']",https://cf-tabs-image.campuspick.com/activity/1738716835252633_thumb.jpg
한국항공우주산업 K-AI 파일럿 네이밍 공모전,한공항공우주산업,마감,"4,382",['브랜드/네이밍'],https://cf-tabs-image.campuspick.com/activity/1736218690758942_thumb.jpg
[숏폼 공모전] 15초로 나만의 기업가 정신을 세상에 알려봐! 🚀,경상국립대학교,마감,"2,018","['기획/아이디어', '브랜드/네이밍', '광고/마케팅', '기타']",https://cf-tabs-image.campuspick.com/activity/1736146373120775_thumb.jpg
[재단법인 미래와소프트웨어] 정보보안 SW 웹/앱 개발 공모전,재단법인 미래와소프트웨어,마감,"11,687","['기획/아이디어', '브랜드/네이밍', 'IT/소프트웨어/게임']",https://cf-tabs-image.campuspick.com/activity/1735807212593815_thumb.jpg
청주오스코 슬로건 & MICE 행사 기획 공모전,청주오스코,마감,"2,588","['기획/아이디어', '브랜드/네이밍']",https://cf-tabs-image.campuspick.com/activity/1732265852504501_thumb.jpg
사단법인 은구와 함께하는 [2024 마약 중독 예방 콘텐츠 공모전],은구,마감,"1,793","['기획/아이디어', '브랜드/네이밍', '사진/영상/UCC', '디자인']",https://cf-tabs-image.campuspick.com/activity/1731907358256947_thumb.jpg
2025년 APEC 정상회의 홍보 슬로건 공모,2025APEC정상회의준비지원단,마감,"2,696",['브랜드/네이밍'],https://cf-tabs-image.campuspick.com/activity/1731476855069510_thumb.jpg
2024 세계신안보포럼 슬로건 공모전,대한민국 외교부,마감,"1,998","['기획/아이디어', '브랜드/네이밍', '기타']",https://cf-tabs-image.campuspick.com/activity/1731322270046792_thumb.jpg
보육교직원 보육활동 보호 문화 조성을 위한 캠페인 공모전,한국보육진흥원,마감,"1,387","['브랜드/네이밍', '문학/수기/시나리오']",https://cf-tabs-image.campuspick.com/activity/1731315975848404_thumb.jpg
[영상 부문 기간 연장] 2024 남원의 맛 통합 공모전,남원시,마감,"2,121","['기획/아이디어', '브랜드/네이밍', '사진/영상/UCC', '디자인']",https://cf-tabs-image.campuspick.com/activity/1733979154375808_thumb.jpg
[ICT멘토링 명칭 공모전] ICT멘토링의 새로운 이름을 지어주세요!,한국정보산업연합회,마감,"1,873","['기획/아이디어', '브랜드/네이밍']",https://cf-tabs-image.campuspick.com/activity/1729834382292514_thumb.jpg
2024 이순신관광브랜딩 이순신 관광 캐릭터 리뉴얼 공모전,아산시,마감,"2,996","['브랜드/네이밍', '디자인', '예체능', '기타']",https://cf-tabs-image.campuspick.com/activity/1729484675421116_thumb.jpg
PAC 공모전 X 네이버Clip,숙명여자대학교 홍보광고학과,마감,"3,279","['기획/아이디어', '브랜드/네이밍', '광고/마케팅', '사진/영상/UCC']",https://cf-tabs-image.campuspick.com/activity/1728362060958778_thumb.jpg
AI SPARKS 2024 창업 아이디어 공모전,HIVe(Hongik Venture Institute),마감,"5,072","['기획/아이디어', '브랜드/네이밍', 'IT/소프트웨어/게임']",https://cf-tabs-image.campuspick.com/activity/1726213009686949_thumb.jpg
[한국무역협회] 제61회 무역의 날 슬로건 및 무역 스토리 공모전,한국무역협회,마감,"3,735","['기획/아이디어', '브랜드/네이밍', '문학/수기/시나리오']",https://cf-tabs-image.campuspick.com/activity/1725867549151969_thumb.jpg
천안시 탄소중립 지원센터 천안시민 탄소중립 아이디어 공모전 안내,천안시 탄소중립 지원센터,마감,"1,777","['기획/아이디어', '브랜드/네이밍', '사진/영상/UCC', '디자인', '문학/수기/시나리오']",https://cf-tabs-image.campuspick.com/activity/1725693043023700_thumb.jpg
2024 자유무역지역 브랜드 공모전,산업통상자원부,마감,"3,333","['브랜드/네이밍', '사진/영상/UCC', '디자인']",https://cf-tabs-image.campuspick.com/activity/1726206337611166_thumb.jpg
제6회 치매인식개선사업 슬로건 및 창작시화 공모전,대전광역시립 제1노인전문병원,마감,"3,799","['브랜드/네이밍', '문학/수기/시나리오']",https://cf-tabs-image.campuspick.com/activity/1722557806764365_thumb.jpg
🔸2024 제6회 청년 스타트업 어워즈🔸,청년과 미래,마감,"2,162","['브랜드/네이밍', '광고/마케팅', '기타']",https://cf-tabs-image.campuspick.com/activity/1721971318265862_thumb.jpg
2024년 김포시 SNS 홍보 콘텐츠 공모전,김포시,마감,"3,335","['기획/아이디어', '브랜드/네이밍', '광고/마케팅', '사진/영상/UCC', '디자인', '예체능', '문학/수기/시나리오', 'IT/소프트웨어/게임', '기타']",https://cf-tabs-image.campuspick.com/activity/1721623012706357_thumb.jpg
2024 본죽 국민 쇼핑백 카피·디자인 콘테스트,본아이에프,마감,"4,488","['기획/아이디어', '브랜드/네이밍', '디자인']",https://cf-tabs-image.campuspick.com/activity/1721172987438876_thumb.jpg
인천 스펙타클워크 이종범 대표의 로컬 콘텐츠 크리에이터 특강,인천콘텐츠코리아랩,마감,710,"['기획/아이디어', '브랜드/네이밍', '광고/마케팅']",https://cf-tabs-image.campuspick.com/activity/1721022774527932_thumb.jpg
[참여자 전원 숙박권 제공] 2024 신라스테이 라운지웨어 공모전,신라스테이,마감,"2,827","['기획/아이디어', '브랜드/네이밍', '광고/마케팅', '디자인']",https://cf-tabs-image.campuspick.com/activity/1720446618457885_thumb.jpg
2024 AIoT 진흥주간 캐치프레이즈 공모전,한국지능형사물인터넷협회,마감,"1,369",['브랜드/네이밍'],https://cf-tabs-image.campuspick.com/activity/1720155245266189_thumb.jpg
2024년 덕성여자대학교 캠퍼스타운『패션아이템 및 디자인 창업 공모전』,덕성여자대학교 캠퍼스타운조성단,마감,"2,611","['기획/아이디어', '브랜드/네이밍', '디자인', '기타']",https://cf-tabs-image.campuspick.com/activity/1719971562465511_thumb.jpg
2024 도박문제 예방 공모전 너도나도단도,한국도박문제예방치유원,마감,"5,008","['브랜드/네이밍', '사진/영상/UCC', '디자인']",https://cf-tabs-image.campuspick.com/activity/1719817407794334_thumb.jpg
"2024바른말쉬운말고운말 만화,표어 공모전",문화체육관광부,마감,"5,584","['기획/아이디어', '브랜드/네이밍', '디자인']",https://cf-tabs-image.campuspick.com/activity/1719794412919297_thumb.jpg
AI 인공지능 활용 아이디어 공모전,재단법인 미래와소프트웨어,마감,"9,725","['기획/아이디어', '브랜드/네이밍', '광고/마케팅', 'IT/소프트웨어/게임']",https://cf-tabs-image.campuspick.com/activity/1718687084823622_thumb.jpg
농심 로고송 & 징글 공모전 <인생이 맛있SONG>,농심,마감,"3,826","['기획/아이디어', '브랜드/네이밍', '사진/영상/UCC', '예체능']",https://cf-tabs-image.campuspick.com/activity/1718610655179360_thumb.jpg
제9회 수산자원을 부탁해 - <海피니스:폐어구 재활용 상생해루질 공모전,한국어촌어항공단,마감,"2,263","['기획/아이디어', '브랜드/네이밍', '광고/마케팅', '디자인']",https://cf-tabs-image.campuspick.com/activity/1717742299876122_thumb.jpg
2024 Jewerly POP-UP 카피라이팅 공모전,프리즘,마감,"3,632","['기획/아이디어', '브랜드/네이밍', '광고/마케팅']",https://cf-tabs-image.campuspick.com/activity/1717045510472622_thumb.jpg
[2024 경기도 평화 두드림 청년 아이디어톤 대회] 모집 공고,경기도청 평화기반조성과,마감,"1,823","['기획/아이디어', '브랜드/네이밍', '기타']",https://cf-tabs-image.campuspick.com/activity/1715834719762819_thumb.jpg
2024 경기북부 안전문화 캐치프레이즈 공모전,한국산업안전보건공단 경기북부지사,마감,"2,985","['기획/아이디어', '브랜드/네이밍', '광고/마케팅']",https://cf-tabs-image.campuspick.com/activity/1715560033973230_thumb.jpg
2024년 여성폭력 예방 콘텐츠 공모전,부산광역시 여성폭력방지종합지원센터,마감,"3,078","['기획/아이디어', '브랜드/네이밍', '사진/영상/UCC', '디자인']",https://cf-tabs-image.campuspick.com/activity/1714629601704260_thumb.jpg
"시흥도시공사, 캐릭터 공모전",시흥도시공사,마감,"3,728","['기획/아이디어', '브랜드/네이밍', '디자인']",https://cf-tabs-image.campuspick.com/activity/1714006154848909_thumb.jpg
영상물등급위원회 온라인 교육포털 네이밍 공모전,영상물등급위원회,마감,"2,073","['기획/아이디어', '브랜드/네이밍']",https://cf-tabs-image.campuspick.com/activity/1712636467070402_thumb.jpg
질병관리청 검역정책 슬로건&캐릭터 창작 공모전,질병관리청,마감,"4,267","['기획/아이디어', '브랜드/네이밍']",https://cf-tabs-image.campuspick.com/activity/1711518564418511_thumb.jpg
부산 의료 마이데이터 앱 서비스 네이밍 및 아이디어 공모전,"보건복지부, 부산광역시, 한국보건산업진흥원",마감,"3,992",['브랜드/네이밍'],https://cf-tabs-image.campuspick.com/activity/1711438151280490_thumb.jpg
2024 해양콘텐츠공모전 포스터·슬로건·바다낙서 공모전,"부산광역시, (사)한국해양산업협회",마감,"3,235","['브랜드/네이밍', '디자인', '예체능']",https://cf-tabs-image.campuspick.com/activity/1711435974048627_thumb.jpg
2024 경기도 포용적 기후정책 아이디어 공모전,경기도,마감,"1,190","['기획/아이디어', '브랜드/네이밍']",https://cf-tabs-image.campuspick.com/activity/1711092728122376_thumb.jpg
온라인 마권발매 모바일 앱 명칭 공모전,한국마사회,마감,"3,830",['브랜드/네이밍'],https://cf-tabs-image.campuspick.com/activity/1710983894115437_thumb.jpg
2024 여성가족부 공공데이터 융복합 아이디어 및 분석 활용 공모전,여성가족부,마감,"3,752","['기획/아이디어', '브랜드/네이밍']",https://cf-tabs-image.campuspick.com/activity/1710740161341407_thumb.jpg
제1회 ASUS ROG X GeForce 노트북 AI 이미지 공모전,ASUS KOREA,마감,"18,696","['기획/아이디어', '브랜드/네이밍', '광고/마케팅', '사진/영상/UCC', '디자인']",https://cf-tabs-image.campuspick.com/activity/1710308828522368_thumb.jpg
제20회 가구리빙디자인공모전,"대한가구산업협동조합연합회, 월간가구가이드",마감,"4,854","['기획/아이디어', '브랜드/네이밍', '디자인']",https://cf-tabs-image.campuspick.com/activity/1708677188109239_thumb.jpg
직업계고등학교 & 협약형 특성화고등학교 네이밍 공모전,"교육부, 한국장학재단",마감,"5,497","['기획/아이디어', '브랜드/네이밍']",https://cf-tabs-image.campuspick.com/activity/1708674025690259_thumb.jpg
제 45회 제일기획 아이디어 페스티벌,제일기획,마감,"13,083","['기획/아이디어', '브랜드/네이밍', '광고/마케팅']",https://cf-tabs-image.campuspick.com/activity/1708677830767400_thumb.jpg
무신사 넥스트 패션 스콜라십(MNFS) 5기 모집,주식회사 무신사,마감,"9,831","['기획/아이디어', '브랜드/네이밍', '디자인']",https://cf-tabs-image.campuspick.com/activity/1708483342137688_thumb.jpg
생성형 AI 활용 캐릭터 디자인 공모전,엑스포디자인그룹,마감,"8,629","['브랜드/네이밍', '디자인', 'IT/소프트웨어/게임']",https://cf-tabs-image.campuspick.com/activity/1708482778303283_thumb.jpg
2024 국가유산 방문 캠페인 사진ㆍ슬로건 공모전,한국문화재재단,마감,"5,528","['브랜드/네이밍', '광고/마케팅', '사진/영상/UCC', '기타']",https://cf-tabs-image.campuspick.com/activity/1708305230267984_thumb.jpg
2024 부산국제디자인어워드,"부산광역시, 부산광역시교육청, (재)부산디자인진흥원",마감,"8,792","['기획/아이디어', '브랜드/네이밍', '광고/마케팅', '사진/영상/UCC', '디자인', '예체능']",https://cf-tabs-image.campuspick.com/activity/1708067580996978_thumb.jpg
2024 KF 국민공공외교 프로젝트 공모 (~2.22 18:00 KST),한국국제교류재단,마감,"2,953","['기획/아이디어', '브랜드/네이밍', '기타']",https://cf-tabs-image.campuspick.com/activity/1708067264881110_thumb.jpg
2024 함께하는 선거문화를 위한 캘리그라피 공모전,대전광역시선거관리위원회·한국글씨에술멘토링협회,마감,"2,494","['브랜드/네이밍', '디자인']",https://cf-tabs-image.campuspick.com/activity/1708066812473497_thumb.jpg
2024영주 한국선비문화축제 선비&아트 공예품 공모전,영주시,마감,"2,098","['브랜드/네이밍', '디자인', '예체능']",https://cf-tabs-image.campuspick.com/activity/1708064949005698_thumb.jpg
2024년 제3회 충청남도 드론 영상 및 사진 공모전 (~10.31),충청남도청,마감,"3,291","['브랜드/네이밍', '사진/영상/UCC', '예체능', '기타']",https://cf-tabs-image.campuspick.com/activity/1708064542257999_thumb.jpg
제2회 오뚜기 일러스트레이션 공모전,오뚜기,마감,"12,310","['기획/아이디어', '브랜드/네이밍', '디자인']",https://cf-tabs-image.campuspick.com/activity/1708064325313273_thumb.jpg
2024 대한민국 육군창업경진대회,육군본부,마감,"6,041","['기획/아이디어', '브랜드/네이밍']",https://cf-tabs-image.campuspick.com/activity/170719886662691_thumb.jpg
스마트국토엑스포 새 명칭 공모전,국토교통부,마감,"4,304","['기획/아이디어', '브랜드/네이밍']",https://cf-tabs-image.campuspick.com/activity/170685845731365_thumb.jpg
한국건설교통신기술협회 제5회 건설교통신기술 슬로건 공모전,한국건설교통신기술협회,마감,"5,216",['브랜드/네이밍'],https://cf-tabs-image.campuspick.com/activity/1706688108161658_thumb.jpg
경기북부특별자치도 새이름 대국민 공모전,경기도,마감,"5,900","['기획/아이디어', '브랜드/네이밍']",https://cf-tabs-image.campuspick.com/activity/1706242786203422_thumb.jpg
서울팝콘 포스터 디자인 공모전,서울팝콘사무국,마감,"6,756","['기획/아이디어', '브랜드/네이밍', '광고/마케팅', '디자인', '기타']",https://cf-tabs-image.campuspick.com/activity/1706242366474718_thumb.jpg
2024 '제주 바당에 조명을 담그다.' 사진 공모전,제주테크노파크,마감,"3,653","['브랜드/네이밍', '사진/영상/UCC']",https://cf-tabs-image.campuspick.com/activity/1706240478530664_thumb.jpg
2024 슈퍼레이스 캐릭터·마스코트 공모전,(주)슈퍼레이스,마감,"3,788","['기획/아이디어', '브랜드/네이밍', '광고/마케팅', '디자인']",https://cf-tabs-image.campuspick.com/activity/1705645728303873_thumb.jpg
2024년 경기신용보증재단 영상콘텐츠 공모전,경기신용보증재단,마감,"4,798","['기획/아이디어', '브랜드/네이밍', '사진/영상/UCC']",https://cf-tabs-image.campuspick.com/activity/170531118698430_thumb.jpg
제로원 2024 크리에이터 모집,현대자동차그룹 창의인재 플랫폼 제로원,마감,"7,829","['기획/아이디어', '브랜드/네이밍', '디자인', 'IT/소프트웨어/게임', '기타']",https://cf-tabs-image.campuspick.com/activity/170531107641470_thumb.jpg
귤냥이와친구들 키즈 교육브랜드 ABC 송(알파벳 송) 공모전,인식과사실,마감,"3,811","['기획/아이디어', '브랜드/네이밍', '예체능', '기타']",https://cf-tabs-image.campuspick.com/activity/1704945542720329_thumb.jpg
청풍호반케이블카 비봉산 전망대 네이밍 공모전,청풍로프웨이(주),마감,"4,157","['기획/아이디어', '브랜드/네이밍']",https://cf-tabs-image.campuspick.com/activity/1704696900152274_thumb.jpg
2024 미래도서관 정책 아이디어 해커톤 대회 (공고),문화체육관광부 / 국가도서관위원회,마감,"12,868","['기획/아이디어', '브랜드/네이밍', '광고/마케팅', '사진/영상/UCC', '디자인', '예체능', '문학/수기/시나리오', 'IT/소프트웨어/게임', '기타']",https://cf-tabs-image.campuspick.com/activity/1704693121738606_thumb.jpg
아벤느 브랜드 캐릭터 공모전,피에르파브르더모코스메틱코리아(유) 아벤느,마감,"9,484","['브랜드/네이밍', '디자인']",https://cf-tabs-image.campuspick.com/activity/1704430584979175_thumb.jpg
제68회 신문의 날 표어 공모,"한국신문협회, 한국신문방송편집인협회, 한국기자협회",마감,"8,505","['기획/아이디어', '브랜드/네이밍']",https://cf-tabs-image.campuspick.com/activity/1704430098184807_thumb.jpg
아이준안과 캐릭터 디자인 공모전,아이준안과,마감,"6,817","['기획/아이디어', '브랜드/네이밍', '디자인']",https://cf-tabs-image.campuspick.com/activity/1704356829805793_thumb.jpg
제68회 신문의 날 신문홍보 캐릭터 공모,"한국신문협회, 한국신문방송편집인협회, 한국기자협회",마감,"6,403","['기획/아이디어', '브랜드/네이밍', '광고/마케팅', '디자인', '기타']",https://cf-tabs-image.campuspick.com/activity/1704356562338472_thumb.jpg
링크튜브 네이밍 공모전,(주)마이셀럽,마감,"9,967","['기획/아이디어', '브랜드/네이밍', '광고/마케팅']",https://cf-tabs-image.campuspick.com/activity/1704267036095863_thumb.jpg
충북도청 당산터널(옛 충무시설) 활용방안 아이디어 공모,충청북도청,마감,"6,441","['기획/아이디어', '브랜드/네이밍', '기타']",https://cf-tabs-image.campuspick.com/activity/1703753322920209_thumb.jpg
[K리그 X 하나은행] 축덕카드 디자인 공모전,한국프로축구연맹,마감,"7,465","['기획/아이디어', '브랜드/네이밍', '디자인', '기타']",https://cf-tabs-image.campuspick.com/activity/1703753630366164_thumb.jpg
거제시 캐릭터 공모전,거제시,마감,"4,929","['기획/아이디어', '브랜드/네이밍', '디자인']",https://cf-tabs-image.campuspick.com/activity/170357174687391_thumb.jpg
거제시 브랜드 슬로건 공모전,거제시청,마감,"3,969","['기획/아이디어', '브랜드/네이밍']",https://cf-tabs-image.campuspick.com/activity/1703571625087912_thumb.jpg
DOSA 암행의 수호자들 4차 아트 공모전,(주)라이펄스,마감,"4,454","['기획/아이디어', '브랜드/네이밍', '사진/영상/UCC', '디자인', 'IT/소프트웨어/게임']",https://cf-tabs-image.campuspick.com/activity/170357117945980_thumb.jpg
2024 해남고구마 SHORT 공모전,주식회사 오로지스튜디오,마감,"14,052","['기획/아이디어', '브랜드/네이밍', '광고/마케팅', '사진/영상/UCC', '기타']",https://cf-tabs-image.campuspick.com/activity/1702889813563513_thumb.jpg
광주 2025 세계양궁선수권대회 슬로건 공모전,광주광역시,마감,"4,842","['기획/아이디어', '브랜드/네이밍', '기타']",https://cf-tabs-image.campuspick.com/activity/1702889546407454_thumb.jpg
국민건강보험공단 행복글판 문구 공모전,국민건강보험공단,마감,"6,212","['기획/아이디어', '브랜드/네이밍', '광고/마케팅', '기타']",https://cf-tabs-image.campuspick.com/activity/1702286839680154_thumb.jpg
2023 구강보건 작품 공모전,대한구강보건협회,마감,"9,346","['브랜드/네이밍', '광고/마케팅', '사진/영상/UCC', '기타']",https://cf-tabs-image.campuspick.com/activity/1702286213243373_thumb.jpg
동작구형 특화아파트 아이디어 공모전,동작구,마감,"1,734","['기획/아이디어', '브랜드/네이밍', '기타']",https://cf-tabs-image.campuspick.com/activity/1701921248459750_thumb.jpg
충북대 오송역 홍보관 명칭 공모전,충북대학교,마감,"1,907",['브랜드/네이밍'],https://cf-tabs-image.campuspick.com/activity/1701842452199972_thumb.jpg
소상공인시장진흥공단 2023년 소상공인컨설팅 공모전,중소벤처기업부,마감,"1,530","['기획/아이디어', '브랜드/네이밍', '광고/마케팅', '기타']",https://cf-tabs-image.campuspick.com/activity/1701839239296424_thumb.jpg
파주형 학생전용 통학순환버스 네이밍 공모전,파주시,마감,"2,467",['브랜드/네이밍'],https://cf-tabs-image.campuspick.com/activity/1701842167846217_thumb.jpg
2023 국가물관리위원회 웹툰 공모전,국가물관리위원회,마감,"1,903","['기획/아이디어', '브랜드/네이밍', '광고/마케팅', '사진/영상/UCC']",https://cf-tabs-image.campuspick.com/activity/1701656741570906_thumb.jpg
동인천역 북광장 문화공간 네이밍 공모전,인천관광공사,마감,"2,365",['브랜드/네이밍'],https://cf-tabs-image.campuspick.com/activity/1701324880207380_thumb.jpg
정읍 샘고을 정다운상권 빈공간 활용 시민 아이디어 공모전,정읍샘고을정다운상권 상권활성화사업추진단,마감,"1,030","['기획/아이디어', '브랜드/네이밍', '광고/마케팅', '기타']",https://cf-tabs-image.campuspick.com/activity/1701245264701500_thumb.jpg
2024 광화문글판 봄편 문안 공모,교보생명,마감,"7,544","['브랜드/네이밍', '문학/수기/시나리오']",https://cf-tabs-image.campuspick.com/activity/1701244355366263_thumb.jpg
기술보증기금 60초 홍보영상 공모전,기술보증기금,마감,"1,477","['기획/아이디어', '브랜드/네이밍', '광고/마케팅', '사진/영상/UCC']",https://cf-tabs-image.campuspick.com/activity/1701243880406410_thumb.jpg
2023 한국수력원자력 유튜브 영상 공모전,한국수력원자력,마감,"1,718","['브랜드/네이밍', '광고/마케팅', '사진/영상/UCC', '기타']",https://cf-tabs-image.campuspick.com/activity/170124420124542_thumb.jpg
CCNC 숏폼·일러스트 및 탄소중립 실천사례 공모전,"충청북도탄소중립지원센터, 충청북도",마감,"1,513","['기획/아이디어', '브랜드/네이밍', '디자인', '기타']",https://cf-tabs-image.campuspick.com/activity/1701240079421608_thumb.jpg
2023 전라남도 공유경제 아이디어 공모전,전라남도,마감,"1,136","['기획/아이디어', '브랜드/네이밍', '광고/마케팅', '기타']",https://cf-tabs-image.campuspick.com/activity/1701237863131305_thumb.jpg
상호존중 온라인 콘텐츠 공모전,충청북도교육청,마감,"1,394","['기획/아이디어', '브랜드/네이밍', '디자인', '기타']",https://cf-tabs-image.campuspick.com/activity/1700628789492328_thumb.jpg
창원국가산단 지정 50주년 기념 상징물 아이디어 공모전,창원시,마감,"1,529","['기획/아이디어', '브랜드/네이밍', '디자인', '기타']",https://cf-tabs-image.campuspick.com/activity/1700628191232143_thumb.jpg
제2회 기아 PBV 목적 기반 모빌리티 아이디어 공모전,기아,마감,"7,676","['기획/아이디어', '브랜드/네이밍', '디자인']",https://cf-tabs-image.campuspick.com/activity/1700627986831136_thumb.jpg
2024 궁중문화축전 10주년 기념 슬로건 공모전,문화재청 궁능유적본부,마감,"5,109","['기획/아이디어', '브랜드/네이밍']",https://cf-tabs-image.campuspick.com/activity/170054397555836_thumb.jpg
문화유산 재난안전 공모전,문화재청,마감,"6,156","['기획/아이디어', '브랜드/네이밍', '광고/마케팅', '기타']",https://cf-tabs-image.campuspick.com/activity/1700543735032504_thumb.jpg
무안국제공항 활성화 홍보 콘텐츠 공모전,전라남도,마감,"1,762","['기획/아이디어', '브랜드/네이밍', '기타']",https://cf-tabs-image.campuspick.com/activity/1700204539732365_thumb.jpg
궁중문화축전 10주년 기념 슬로건 공모,문화재청 궁능유적본부,마감,"4,229","['기획/아이디어', '브랜드/네이밍']",https://cf-tabs-image.campuspick.com/activity/1700183834974634_thumb.jpg
포천 도시브랜드 슬로건 공모전,포천시,마감,"2,640","['기획/아이디어', '브랜드/네이밍']",https://cf-tabs-image.campuspick.com/activity/1700106215100847_thumb.jpg
2023년 포천시 청년센터 로고・슬로건 공모전,포천시,마감,"1,370","['기획/아이디어', '브랜드/네이밍']",https://cf-tabs-image.campuspick.com/activity/1700021444189638_thumb.jpg
노원구의회 홍보용 캐릭터 공모전,노원구의회,마감,"3,644","['기획/아이디어', '브랜드/네이밍', '디자인']",https://cf-tabs-image.campuspick.com/activity/1700021333933490_thumb.jpg
2023년 부산 관광 아이디어 공모전,부산관광공사,마감,"3,667","['기획/아이디어', '브랜드/네이밍', '광고/마케팅']",https://cf-tabs-image.campuspick.com/activity/1699951854874942_thumb.jpg
야간주(酒)차 안주레시피 개발 경연대회,한국어촌어항공단,마감,"2,544","['기획/아이디어', '브랜드/네이밍', '예체능', '기타']",https://cf-tabs-image.campuspick.com/activity/1699951619402889_thumb.jpg
2023 경륜·경정 온라인 건전문화 콘텐츠 공모전,국민체육진흥공단,마감,"1,092","['기획/아이디어', '브랜드/네이밍', '광고/마케팅', '사진/영상/UCC', '기타']",https://cf-tabs-image.campuspick.com/activity/1699950056289359_thumb.jpg
GATE26 캐릭터 공모전,아시아나IDT,마감,"6,873","['기획/아이디어', '브랜드/네이밍', '광고/마케팅', '디자인']",https://cf-tabs-image.campuspick.com/activity/169994929646533_thumb.jpg
양산시 공공자전거 명칭 공모,양산시,마감,"2,036","['기획/아이디어', '브랜드/네이밍']",https://cf-tabs-image.campuspick.com/activity/1699852445968211_thumb.jpg
2023년 사회적경제 소셜굿즈 이야기 굿즈 디자인 공모전,영천시사회적경제기업협의회,마감,"1,411","['기획/아이디어', '브랜드/네이밍', '광고/마케팅', '디자인']",https://cf-tabs-image.campuspick.com/activity/1699850735489218_thumb.jpg
LG아트센터 서울 개관 1주년 기념 미디어아트 신진작가 공모,"LG아트센터, LG전자",마감,"6,087","['기획/아이디어', '브랜드/네이밍', '디자인', '예체능']",https://cf-tabs-image.campuspick.com/activity/1699509128653199_thumb.jpg
부산 1인 미디어 지역상품 라이브커머스 영상콘텐츠 공모전,(재)부산정보산업진흥원 콘텐츠산업진흥단,마감,911,"['기획/아이디어', '브랜드/네이밍', '광고/마케팅', '사진/영상/UCC', '기타']",https://cf-tabs-image.campuspick.com/activity/1699508873103186_thumb.jpg
울주 청년창업아카데미 사업 창업아이디어 경진대회,울산경제일자리진흥원,마감,"1,287","['기획/아이디어', '브랜드/네이밍', '기타']",https://cf-tabs-image.campuspick.com/activity/1699508596197860_thumb.jpg
2023 반지하 활용 아이디어 시민공모전,서울주택도시공사,마감,"5,257","['기획/아이디어', '브랜드/네이밍', '디자인', '기타']",https://cf-tabs-image.campuspick.com/activity/1699428527397544_thumb.jpg
2023 코리아 푸드테크 아이디어 공모전,"경기도농수산진흥원, 한국푸드테크협의회",마감,"3,869","['기획/아이디어', '브랜드/네이밍', '광고/마케팅', '기타']",https://cf-tabs-image.campuspick.com/activity/1699346459237930_thumb.jpg
2023 산업단지 안전제안 공모전,한국산업단지공단,마감,"1,718","['기획/아이디어', '브랜드/네이밍', '기타']",https://cf-tabs-image.campuspick.com/activity/1699345424897341_thumb.jpg
제23회 MTN 대한민국 중소기업 광고공모전,머니투데이방송,마감,"1,316","['기획/아이디어', '브랜드/네이밍', '광고/마케팅', '사진/영상/UCC', '기타']",https://cf-tabs-image.campuspick.com/activity/1699344674976866_thumb.jpg
가톨릭관동대 국제성모병원 슬로건 공모,가톨릭관동대 국제성모병원,마감,"2,871","['기획/아이디어', '브랜드/네이밍']",https://cf-tabs-image.campuspick.com/activity/1699344260128160_thumb.jpg
2023 청년도약 공모전,서울시청년활동지원센터,마감,"4,434","['기획/아이디어', '브랜드/네이밍', '사진/영상/UCC', '디자인', '기타']",https://cf-tabs-image.campuspick.com/activity/1699344103314118_thumb.jpg
링크튜브 슬로건 공모전,(주)마이셀럽,마감,"5,196","['기획/아이디어', '브랜드/네이밍']",https://cf-tabs-image.campuspick.com/activity/1699261875085511_thumb.jpg
관광 IR리그(데모데이) 공모전,광주관광기업지원센터,마감,"1,072","['기획/아이디어', '브랜드/네이밍', '광고/마케팅', '기타']",https://cf-tabs-image.campuspick.com/activity/1699243929710892_thumb.jpg
"서울 도시브랜드(SEOUL, MY SOUL) 굿즈 디자인 공모전",서울특별시,마감,"3,185","['기획/아이디어', '브랜드/네이밍', '디자인']",https://cf-tabs-image.campuspick.com/activity/1698996641588645_thumb.jpg
2030 부산 북항 활성화를 위한 시민 해커톤,(주)싸이트브랜딩,마감,"1,334","['기획/아이디어', '브랜드/네이밍', '기타']",https://cf-tabs-image.campuspick.com/activity/1698909552283366_thumb.jpg
전국수원자랑(수원에 빠지다) 영상 공모전,수원시,마감,"1,122","['기획/아이디어', '브랜드/네이밍', '사진/영상/UCC']",https://cf-tabs-image.campuspick.com/activity/1698736557211294_thumb.jpg
함평 관광브랜드 슬로건 공모전,함평군 관광정책실,마감,"2,033",['브랜드/네이밍'],https://cf-tabs-image.campuspick.com/activity/16986566284104_thumb.jpg
2030 부산세계박람회 유치 기원 UCC/웹툰 국제 공모전,"동명대학교, 스포츠서울",마감,"1,097","['기획/아이디어', '브랜드/네이밍', '광고/마케팅', '사진/영상/UCC', '기타']",https://cf-tabs-image.campuspick.com/activity/1698644102265724_thumb.jpg
헬스케어 전문 구매/물류플랫폼 브랜드 네이밍 공모전,"(주)휴로직, 한국마케팅관리학회",마감,"1,728","['기획/아이디어', '브랜드/네이밍']",https://cf-tabs-image.campuspick.com/activity/1698643261759226_thumb.jpg
2023 KTV 방송제작·채널 슬로건 아이디어 공모전,KTV 국민방송,마감,"2,115","['기획/아이디어', '브랜드/네이밍', '기타']",https://cf-tabs-image.campuspick.com/activity/1698642893173440_thumb.jpg
대한민국 산업단지 60주년 기념 슬로건 대국민 공모전,한국산업단지공단,마감,"2,002","['기획/아이디어', '브랜드/네이밍']",https://cf-tabs-image.campuspick.com/activity/169829567897847_thumb.jpg
도로교통공단 '국민참여 Deep Change 아이디어 제안 공모전',도로교통공단,마감,"2,025","['기획/아이디어', '브랜드/네이밍']",https://cf-tabs-image.campuspick.com/activity/1698213663999565_thumb.jpg
꿀잼청주 배경음악(BGM) 공모전,청주시청,마감,"1,058","['브랜드/네이밍', '예체능', '기타']",https://cf-tabs-image.campuspick.com/activity/1698214598551173_thumb.jpg
화양연화(花樣年華) 영상 콘텐츠 공모전,부산콘텐츠유니버시아드,마감,"2,128","['기획/아이디어', '브랜드/네이밍', '사진/영상/UCC']",https://cf-tabs-image.campuspick.com/activity/1698129811191868_thumb.jpg
제14회 현대 주얼리 디자인 공모전,사단법인 디자인정책연구원,마감,"2,125","['기획/아이디어', '브랜드/네이밍', '디자인']",https://cf-tabs-image.campuspick.com/activity/1698129595630280_thumb.jpg
2023 변화하는 산업단지 숏폼 콘텐츠 공모전,한국산업단지공단,마감,846,"['기획/아이디어', '브랜드/네이밍', '광고/마케팅', '사진/영상/UCC']",https://cf-tabs-image.campuspick.com/activity/1698126443478223_thumb.jpg
양천구 캐릭터 일러스트 공모전,양천구청,마감,"3,188","['기획/아이디어', '브랜드/네이밍', '디자인']",https://cf-tabs-image.campuspick.com/activity/1698126276487678_thumb.jpg
반려동물 동반여행 숏폼 공모전,한국관광공사,마감,"1,911","['기획/아이디어', '브랜드/네이밍', '사진/영상/UCC']",https://cf-tabs-image.campuspick.com/activity/1698130041477162_thumb.jpg
슬로건 공모전 '대형병원 응급실은 중증응급환자에게',국립중앙의료원,마감,"3,120","['기획/아이디어', '브랜드/네이밍']",https://cf-tabs-image.campuspick.com/activity/1697688949670276_thumb.jpg
지식재산 숏폼 영상 공모전,특허청,마감,"1,611","['기획/아이디어', '브랜드/네이밍', '광고/마케팅', '사진/영상/UCC']",https://cf-tabs-image.campuspick.com/activity/1697607693270222_thumb.jpg
2023 울산 관광 영상 공모전,"문화체육관광부, 한국관광공사, 울산광역시",마감,"1,017","['기획/아이디어', '브랜드/네이밍', '광고/마케팅', '사진/영상/UCC']",https://cf-tabs-image.campuspick.com/activity/1697522040227913_thumb.jpg
KDB산업은행 70주년 기념 동영상 공모전,KDB산업은행,마감,"1,196","['기획/아이디어', '브랜드/네이밍', '광고/마케팅', '사진/영상/UCC']",https://cf-tabs-image.campuspick.com/activity/1697521916276358_thumb.jpg
Global Coffee Youth Idea Contest (월드커피리더,월드커피리더스포럼 조직위원회,마감,"1,563","['기획/아이디어', '브랜드/네이밍', '광고/마케팅']",https://cf-tabs-image.campuspick.com/activity/1697102376839456_thumb.jpg
‘수도권 공공기관 2차 이전’전남 유치 홍보 콘텐츠 공모전 공고,전라남도,마감,760,"['기획/아이디어', '브랜드/네이밍', '광고/마케팅', '사진/영상/UCC', '디자인']",https://cf-tabs-image.campuspick.com/activity/1697099142993132_thumb.jpg
대구간송미술관 슬로건 공모전,간송미술문화재단,마감,"1,704","['기획/아이디어', '브랜드/네이밍', '광고/마케팅']",https://cf-tabs-image.campuspick.com/activity/1697012617747144_thumb.jpg
2023 인천탁주 막걸리 라벨 대학생 디자인 공모전,인천탁주,마감,"1,775","['기획/아이디어', '브랜드/네이밍', '디자인']",https://cf-tabs-image.campuspick.com/activity/1696999308490694_thumb.jpg
2023 정선 30초 광고제,정선군,마감,919,"['기획/아이디어', '브랜드/네이밍', '광고/마케팅', '사진/영상/UCC']",https://cf-tabs-image.campuspick.com/activity/1696917020027385_thumb.jpg
미르 (용 龍) 아트공모전,곽재선 문화재단,마감,"2,195","['기획/아이디어', '브랜드/네이밍', '디자인', '예체능']",https://cf-tabs-image.campuspick.com/activity/1696564704760262_thumb.jpg
2023 공공미술 수변갤러리 프로젝트 아이디어 공모,서울특별시,마감,"1,239","['기획/아이디어', '브랜드/네이밍', '디자인', '기타']",https://cf-tabs-image.campuspick.com/activity/1696563470676401_thumb.jpg
레드로드 유튜브 영상 공모전,마포구청,마감,"1,856","['기획/아이디어', '브랜드/네이밍', '사진/영상/UCC']",https://cf-tabs-image.campuspick.com/activity/1695712689229572_thumb.jpg
2024 KT&G 국제 대학생 창업교류전(ASVF) 한국대표 모집,한국경제신문,마감,"8,458","['기획/아이디어', '브랜드/네이밍', '기타']",https://cf-tabs-image.campuspick.com/activity/1695711133981458_thumb.jpg
2023년 공공의료 대국민 콘텐츠 공모전,보건복지부,마감,"4,275","['브랜드/네이밍', '사진/영상/UCC']",https://cf-tabs-image.campuspick.com/activity/169570191218832_thumb.jpg
2023 공공 마이데이터 홍보콘텐츠 공모전,행정안전부,마감,"2,155","['기획/아이디어', '브랜드/네이밍', '광고/마케팅', '사진/영상/UCC', '디자인']",https://cf-tabs-image.campuspick.com/activity/169526865495644_thumb.jpg
닥터볼프 알페신 영상 콘텐츠 공모전,닥터볼프 코리아,마감,883,"['기획/아이디어', '브랜드/네이밍', '광고/마케팅', '사진/영상/UCC']",https://cf-tabs-image.campuspick.com/activity/1695268500571640_thumb.jpg
희망연구소 영상공모전,서강대학교 희망연구소,마감,"1,305","['기획/아이디어', '브랜드/네이밍', '사진/영상/UCC']",https://cf-tabs-image.campuspick.com/activity/1695268181307476_thumb.jpg
'세계에 동해를 알리다' 대한민국 동해 홍보 영상 · 사진 콘텐츠 공모전,한국수로학회,마감,"1,045","['기획/아이디어', '브랜드/네이밍', '사진/영상/UCC', '디자인']",https://cf-tabs-image.campuspick.com/activity/1695176189230135_thumb.jpg
2023년 KICOX 대국민 혁신 아이디어 공모전,한국산업단지공단,마감,"2,277","['기획/아이디어', '브랜드/네이밍']",https://cf-tabs-image.campuspick.com/activity/1695175872502985_thumb.jpg
